-- ============================================================
-- OPINEXT — Seed data para demostración
-- ============================================================

-- Categorías
INSERT INTO public.categories (id, name, slug, sort_order) VALUES
  ('a1000000-0000-0000-0000-000000000001', 'Gastronomía', 'gastronomia', 1),
  ('a1000000-0000-0000-0000-000000000002', 'Viajes', 'viajes', 2),
  ('a1000000-0000-0000-0000-000000000003', 'Entretenimiento', 'entretenimiento', 3),
  ('a1000000-0000-0000-0000-000000000004', 'Tecnología', 'tecnologia', 4),
  ('a1000000-0000-0000-0000-000000000005', 'Libros', 'libros', 5),
  ('a1000000-0000-0000-0000-000000000006', 'Deportes', 'deportes', 6);

-- Subcategorías
INSERT INTO public.subcategories (category_id, name, slug, sort_order) VALUES
  ('a1000000-0000-0000-0000-000000000001', 'Restaurantes', 'restaurantes', 1),
  ('a1000000-0000-0000-0000-000000000001', 'Bares', 'bares', 2),
  ('a1000000-0000-0000-0000-000000000001', 'Cafeterías', 'cafeterias', 3),
  ('a1000000-0000-0000-0000-000000000001', 'Vinos', 'vinos', 4),
  ('a1000000-0000-0000-0000-000000000002', 'Ciudades', 'ciudades', 1),
  ('a1000000-0000-0000-0000-000000000002', 'Playas', 'playas', 2),
  ('a1000000-0000-0000-0000-000000000002', 'Montaña', 'montana', 3),
  ('a1000000-0000-0000-0000-000000000003', 'Videojuegos', 'videojuegos', 1),
  ('a1000000-0000-0000-0000-000000000003', 'Películas', 'peliculas', 2),
  ('a1000000-0000-0000-0000-000000000003', 'Series', 'series', 3),
  ('a1000000-0000-0000-0000-000000000004', 'Smartphones', 'smartphones', 1),
  ('a1000000-0000-0000-0000-000000000004', 'Apps', 'apps', 2),
  ('a1000000-0000-0000-0000-000000000005', 'Ficción', 'ficcion', 1),
  ('a1000000-0000-0000-0000-000000000005', 'No ficción', 'no-ficcion', 2),
  ('a1000000-0000-0000-0000-000000000006', 'Fútbol', 'futbol', 1),
  ('a1000000-0000-0000-0000-000000000006', 'Running', 'running', 2);

-- Tags
INSERT INTO public.tags (id, name) VALUES
  ('b1000000-0000-0000-0000-000000000001', 'Buenos Aires'),
  ('b1000000-0000-0000-0000-000000000002', 'Mendoza'),
  ('b1000000-0000-0000-0000-000000000003', 'Malbec'),
  ('b1000000-0000-0000-0000-000000000004', 'Lectura'),
  ('b1000000-0000-0000-0000-000000000005', 'Café'),
  ('b1000000-0000-0000-0000-000000000006', 'Recomendado'),
  ('b1000000-0000-0000-0000-000000000007', 'Imperdible'),
  ('b1000000-0000-0000-0000-000000000008', 'Económico');
